ID,First Name,Last Name,Email,Membership,Signup Date
1,Samantha,Anderson,samantha.anderson4@outlook.com,Basic,2020-10-12
2,Jack,Wilson,jack.wilson87@proton.me,Basic,2022-05-14
3,John,Brown,john.brown12@yahoo.com,Basic,2023-05-17
4,Patricia,Bailey,patricia.bailey26@proton.me,Basic,2022-07-08
5,Emma,Scott,emma.scott1@yahoo.com,Premium,2021-11-27
6,Emily,Martin,emily.martin28@outlook.com,Basic,2022-02-17
7,Richard,Rivera,richard.rivera45@proton.me,Basic,2020-03-29
8,Janet,Collins,janet.collins69@gmail.com,Senior,2022-02-14
9,William,Peterson,william.peterson38@proton.me,Student,2022-01-10
10,Pamela,Harris,pamela.harris91@gmail.com,Basic,2021-04-11
11,Jerry,Nguyen,jerry.nguyen11@yahoo.com,Student,2022-02-17
12,Emily,Collins,emily.collins82@outlook.com,Basic,2021-12-28
13,Anthony,Bennett,anthony.bennett35@gmail.com,Premium,2020-12-16
14,Jonathan,Sanders,jonathan.sanders32@yahoo.com,Premium,2021-07-06
15,Samantha,Ruiz,samantha.ruiz72@yahoo.com,Premium,2024-09-22
16,Jerry,Jimenez,jerry.jimenez8@yahoo.com,Student,2024-07-06
17,Kenneth,Phillips,kenneth.phillips35@gmail.com,Basic,2023-03-07
18,Carolyn,Green,carolyn.green28@icloud.com,Basic,2023-08-09
19,Ryan,Jackson,ryan.jackson34@yahoo.com,Basic,2023-02-23
20,Jonathan,King,jonathan.king96@proton.me,Basic,2023-04-10
21,Stephanie,Campbell,stephanie.campbell29@yahoo.com,Premium,2020-07-05
22,Dennis,Miller,dennis.miller15@yahoo.com,Premium,2024-06-10
23,Debra,Diaz,debra.diaz77@gmail.com,Basic,2023-05-05
24,Cynthia,Ortiz,cynthia.ortiz33@proton.me,Student,2020-01-24
25,Debra,Castillo,debra.castillo15@proton.me,Student,2024-04-23
26,Samuel,Baker,samuel.baker15@outlook.com,Basic,2022-07-18
27,James,Castillo,james.castillo93@outlook.com,Senior,2024-04-09
28,Daniel,Cook,daniel.cook14@outlook.com,Student,2022-11-05
29,Nicole,Sanchez,nicole.sanchez20@outlook.com,Student,2023-01-09
30,Heather,Ortiz,heather.ortiz1@proton.me,Basic,2020-02-09
31,Joseph,Campbell,joseph.campbell40@yahoo.com,Basic,2024-12-03
32,Larry,Hernandez,larry.hernandez11@icloud.com,Student,2024-04-06
33,Jonathan,Foster,jonathan.foster17@yahoo.com,Premium,2023-01-30
34,Lisa,King,lisa.king68@proton.me,Basic,2021-03-09
35,Anna,Long,anna.long94@yahoo.com,Student,2022-03-28
36,Christine,Wood,christine.wood48@icloud.com,Student,2022-07-13
37,Jessica,Young,jessica.young29@gmail.com,Basic,2023-04-19
38,Stephen,Robinson,stephen.robinson76@yahoo.com,Basic,2023-12-20
39,Benjamin,Davis,benjamin.davis30@gmail.com,Senior,2024-10-26
40,Kevin,Martinez,kevin.martinez66@yahoo.com,Basic,2022-09-21
41,Margaret,Cooper,margaret.cooper17@proton.me,Premium,2021-05-12
42,Tyler,Stewart,tyler.stewart53@yahoo.com,Basic,2023-09-11
43,Sharon,Rivera,sharon.rivera55@icloud.com,Premium,2024-02-02
44,Michael,Gray,michael.gray84@gmail.com,Basic,2024-01-31
45,Amanda,Wilson,amanda.wilson32@yahoo.com,Basic,2022-07-07
46,Sarah,Diaz,sarah.diaz24@outlook.com,Premium,2024-11-25
47,Elizabeth,Cruz,elizabeth.cruz71@gmail.com,Basic,2023-01-12
48,Mary,Lopez,mary.lopez97@yahoo.com,Basic,2022-09-21
49,Kathleen,Ramirez,kathleen.ramirez52@gmail.com,Basic,2020-01-05
50,Deborah,King,deborah.king59@outlook.com,Basic,2024-02-05
51,Tyler,Bailey,tyler.bailey85@icloud.com,Basic,2021-08-30
52,Margaret,Davis,margaret.davis75@proton.me,Basic,2021-10-04
53,Linda,Miller,linda.miller75@icloud.com,Premium,2024-10-12
54,Shirley,Lee,shirley.lee8@proton.me,Basic,2021-01-15
55,David,Kim,david.kim9@yahoo.com,Basic,2024-12-28
56,Larry,Young,larry.young75@proton.me,Basic,2020-06-16
57,Rebecca,James,rebecca.james75@proton.me,Premium,2021-06-18
58,Anthony,Bennett,anthony.bennett92@outlook.com,Basic,2022-03-21
59,Thomas,Bennett,thomas.bennett83@outlook.com,Premium,2024-03-19
60,Elizabeth,Johnson,elizabeth.johnson59@proton.me,Senior,2020-07-23
61,Elizabeth,Morgan,elizabeth.morgan28@proton.me,Basic,2021-12-15
62,David,Young,david.young48@outlook.com,Basic,2024-09-03
63,Anna,Price,anna.price39@proton.me,Senior,2024-07-10
64,Katherine,Ortiz,katherine.ortiz2@proton.me,Basic,2023-09-20
65,Susan,Moore,susan.moore34@gmail.com,Student,2024-02-29
66,Stephen,Martin,stephen.martin35@outlook.com,Premium,2024-01-09
67,Amanda,Clark,amanda.clark88@outlook.com,Premium,2021-05-29
68,Michael,Lopez,michael.lopez82@icloud.com,Student,2020-03-31
69,James,Nelson,james.nelson99@yahoo.com,Premium,2021-06-20
70,Charles,Patel,charles.patel57@proton.me,Student,2023-02-22
71,Mary,Anderson,mary.anderson10@yahoo.com,Premium,2024-09-05
72,Melissa,Howard,melissa.howard71@yahoo.com,Basic,2020-03-26
73,Michelle,Campbell,michelle.campbell6@outlook.com,Basic,2021-05-26
74,Christine,Wilson,christine.wilson46@proton.me,Student,2022-04-12
75,Helen,Myers,helen.myers20@yahoo.com,Student,2024-06-26
76,Daniel,Evans,daniel.evans4@yahoo.com,Student,2021-11-11
77,Tyler,Evans,tyler.evans86@yahoo.com,Basic,2024-05-31
78,Rachel,Wilson,rachel.wilson49@gmail.com,Student,2021-03-31
79,Betty,Collins,betty.collins45@outlook.com,Student,2024-11-19
80,Sandra,Lewis,sandra.lewis4@yahoo.com,Basic,2021-07-24
81,David,Foster,david.foster36@outlook.com,Premium,2022-03-29
82,Gregory,Morgan,gregory.morgan43@gmail.com,Basic,2021-06-18
83,Daniel,Howard,daniel.howard34@gmail.com,Basic,2022-06-08
84,Brian,Sanders,brian.sanders41@icloud.com,Premium,2022-11-13
85,Joseph,Roberts,joseph.roberts74@yahoo.com,Basic,2023-12-22
86,Sharon,Smith,sharon.smith67@proton.me,Premium,2024-02-28
87,Jack,Bennett,jack.bennett26@outlook.com,Basic,2023-09-22
88,Kevin,Richardson,kevin.richardson41@gmail.com,Student,2021-09-07
89,Nicholas,Flores,nicholas.flores86@icloud.com,Basic,2023-11-28
90,Donna,Peterson,donna.peterson17@yahoo.com,Basic,2022-02-15
91,Gregory,Myers,gregory.myers23@proton.me,Premium,2022-04-11
92,Stephen,Smith,stephen.smith39@outlook.com,Basic,2024-05-28
93,Justin,Cox,justin.cox84@outlook.com,Premium,2022-06-24
94,Gregory,Ramirez,gregory.ramirez66@icloud.com,Student,2024-06-18
95,Jack,Perez,jack.perez85@gmail.com,Basic,2023-09-21
96,Samantha,Richardson,samantha.richardson43@gmail.com,Student,2024-03-18
97,Donald,Gray,donald.gray40@yahoo.com,Student,2020-10-28
98,Patricia,Garcia,patricia.garcia32@icloud.com,Premium,2024-04-22
99,Elizabeth,Collins,elizabeth.collins54@proton.me,Basic,2023-11-27
100,Deborah,Murphy,deborah.murphy52@yahoo.com,Basic,2023-11-09
101,James,Long,james.long99@gmail.com,Student,2021-03-24
102,Daniel,Hughes,daniel.hughes67@icloud.com,Basic,2021-05-25
103,Jessica,Collins,jessica.collins18@icloud.com,Premium,2023-02-18
104,Scott,Green,scott.green97@icloud.com,Premium,2024-01-13
105,Nicholas,Diaz,nicholas.diaz71@icloud.com,Student,2024-03-03
106,Jacob,Edwards,jacob.edwards34@yahoo.com,Student,2021-07-21
107,Jerry,Jimenez,jerry.jimenez67@icloud.com,Premium,2021-07-16
108,Jeffrey,Martinez,jeffrey.martinez92@outlook.com,Basic,2021-11-18
109,Kenneth,Cooper,kenneth.cooper11@yahoo.com,Basic,2022-02-23
110,Frank,Martin,frank.martin91@yahoo.com,Basic,2022-04-14
111,Kevin,Cooper,kevin.cooper60@icloud.com,Basic,2024-09-01
112,Rebecca,Roberts,rebecca.roberts99@proton.me,Senior,2020-02-10
113,Maria,Kelly,maria.kelly49@icloud.com,Basic,2021-12-21
114,Joshua,Long,joshua.long50@icloud.com,Premium,2024-02-13
115,Anna,Cox,anna.cox29@icloud.com,Basic,2022-06-11
116,Gary,Brown,gary.brown50@outlook.com,Premium,2024-06-22
117,Stephanie,Castillo,stephanie.castillo22@icloud.com,Senior,2023-06-28
118,Jonathan,Brown,jonathan.brown51@proton.me,Premium,2020-02-25
119,William,Chavez,william.chavez55@yahoo.com,Student,2021-01-07
120,Michael,King,michael.king49@outlook.com,Basic,2021-10-31
121,Amanda,Ross,amanda.ross49@outlook.com,Student,2024-08-30
122,Rebecca,Allen,rebecca.allen11@icloud.com,Basic,2023-01-09
123,Michael,Hall,michael.hall29@gmail.com,Student,2023-08-27
124,Jennifer,Long,jennifer.long4@yahoo.com,Basic,2020-02-11
125,Helen,Martin,helen.martin31@yahoo.com,Premium,2020-08-22
126,Larry,Ramirez,larry.ramirez60@outlook.com,Student,2020-12-09
127,Nicole,Cox,nicole.cox96@gmail.com,Student,2020-12-01
128,Michelle,Wilson,michelle.wilson75@gmail.com,Senior,2023-03-25
129,Gregory,Carter,gregory.carter51@yahoo.com,Basic,2023-11-15
130,Benjamin,Young,benjamin.young14@outlook.com,Student,2023-05-14
131,Jessica,Reed,jessica.reed6@outlook.com,Premium,2023-09-16
132,Melissa,Rodriguez,melissa.rodriguez65@outlook.com,Basic,2022-05-10
133,Gary,Wilson,gary.wilson56@outlook.com,Premium,2024-08-24
134,Ryan,Price,ryan.price20@icloud.com,Basic,2022-12-04
135,Katherine,Wright,katherine.wright79@proton.me,Student,2022-08-10
136,Sharon,Sanders,sharon.sanders76@outlook.com,Basic,2021-05-17
137,Barbara,Scott,barbara.scott58@yahoo.com,Student,2023-03-13
138,Brandon,Bennett,brandon.bennett49@outlook.com,Basic,2024-10-08
139,Carol,White,carol.white63@yahoo.com,Basic,2021-06-13
140,Amanda,Scott,amanda.scott77@outlook.com,Premium,2022-11-24
141,Matthew,Hernandez,matthew.hernandez31@icloud.com,Premium,2024-04-01
142,Donald,Ruiz,donald.ruiz61@icloud.com,Basic,2020-02-05
143,Barbara,Nguyen,barbara.nguyen29@icloud.com,Premium,2021-09-19
144,Raymond,Howard,raymond.howard48@icloud.com,Premium,2021-12-05
145,Jason,Myers,jason.myers71@outlook.com,Basic,2022-07-18
146,Paul,Flores,paul.flores33@yahoo.com,Basic,2021-01-29
147,Kenneth,Thomas,kenneth.thomas96@proton.me,Senior,2023-11-14
148,Nancy,Harris,nancy.harris28@icloud.com,Basic,2023-04-22
149,Maria,Ortiz,maria.ortiz77@outlook.com,Senior,2024-09-01
150,Matthew,Nguyen,matthew.nguyen30@outlook.com,Basic,2020-01-29
151,Alexander,Morgan,alexander.morgan17@outlook.com,Basic,2020-04-21
152,Stephen,Nguyen,stephen.nguyen90@yahoo.com,Premium,2024-03-21
153,Gary,Wilson,gary.wilson2@proton.me,Basic,2022-09-07
154,Jeffrey,Baker,jeffrey.baker24@gmail.com,Basic,2024-10-30
155,Kathleen,Anderson,kathleen.anderson9@icloud.com,Premium,2023-03-27
156,Benjamin,Mendoza,benjamin.mendoza7@yahoo.com,Basic,2023-02-26
157,Joshua,Hernandez,joshua.hernandez32@gmail.com,Premium,2022-05-02
158,Nicole,Kim,nicole.kim80@yahoo.com,Student,2022-02-18
159,Laura,Cruz,laura.cruz39@proton.me,Senior,2021-09-17
160,Larry,Richardson,larry.richardson8@proton.me,Senior,2020-07-22
161,Maria,Clark,maria.clark81@yahoo.com,Basic,2020-06-15
162,Charles,Walker,charles.walker23@proton.me,Basic,2020-01-06
163,Edward,Edwards,edward.edwards89@proton.me,Premium,2020-03-07
164,Sandra,Torres,sandra.torres91@outlook.com,Student,2022-07-18
165,Elizabeth,Mendoza,elizabeth.mendoza30@outlook.com,Student,2023-07-04
166,Emma,James,emma.james26@icloud.com,Basic,2021-04-05
167,Samuel,Martin,samuel.martin35@yahoo.com,Basic,2020-12-05
168,Diane,Flores,diane.flores77@proton.me,Senior,2022-06-18
169,Jessica,Reyes,jessica.reyes89@outlook.com,Premium,2021-07-11
170,Nicholas,Cooper,nicholas.cooper64@icloud.com,Basic,2020-03-22
171,Sharon,Patel,sharon.patel42@proton.me,Basic,2020-07-06
172,Sandra,Gray,sandra.gray74@proton.me,Senior,2024-04-15
173,Gregory,Wright,gregory.wright74@gmail.com,Student,2020-12-24
174,Jacob,Gutierrez,jacob.gutierrez84@icloud.com,Senior,2021-01-06
175,Justin,Parker,justin.parker82@icloud.com,Senior,2022-08-20
176,Brian,Evans,brian.evans43@outlook.com,Premium,2024-10-22
177,Charles,Nelson,charles.nelson53@icloud.com,Basic,2022-03-31
178,Maria,Peterson,maria.peterson5@icloud.com,Basic,2021-05-31
179,Carol,Anderson,carol.anderson99@icloud.com,Student,2024-08-16
180,James,James,james.james70@icloud.com,Basic,2021-01-19
181,Eric,Campbell,eric.campbell80@icloud.com,Premium,2024-04-05
182,Michael,Clark,michael.clark35@proton.me,Basic,2021-08-12
183,Jeffrey,Hughes,jeffrey.hughes63@gmail.com,Basic,2023-07-14
184,Nicole,Walker,nicole.walker91@yahoo.com,Basic,2020-01-29
185,Stephen,Evans,stephen.evans12@yahoo.com,Senior,2020-08-20
186,Cynthia,Thomas,cynthia.thomas83@yahoo.com,Premium,2024-01-07
187,Donna,Rogers,donna.rogers91@outlook.com,Basic,2022-09-15
188,Jacob,Young,jacob.young59@proton.me,Basic,2021-01-25
189,Scott,Rogers,scott.rogers96@yahoo.com,Student,2021-07-19
190,Jerry,Turner,jerry.turner44@proton.me,Basic,2020-01-06
191,Andrew,Castillo,andrew.castillo39@proton.me,Premium,2023-09-13
192,Gary,Martin,gary.martin58@proton.me,Premium,2021-11-11
193,Stephen,Ross,stephen.ross70@icloud.com,Premium,2021-10-21
194,Matthew,Hughes,matthew.hughes31@proton.me,Basic,2024-10-19
195,Heather,Evans,heather.evans6@outlook.com,Student,2023-12-15
196,Timothy,Roberts,timothy.roberts85@yahoo.com,Premium,2020-03-16
197,Thomas,Cook,thomas.cook76@outlook.com,Student,2024-11-25
198,Jeffrey,Gonzalez,jeffrey.gonzalez68@icloud.com,Basic,2020-10-22
199,Edward,Wood,edward.wood20@gmail.com,Premium,2021-06-26
200,Amanda,Richardson,amanda.richardson89@icloud.com,Premium,2024-10-10
201,Kevin,Gray,kevin.gray69@icloud.com,Senior,2023-07-07
202,Carolyn,Ross,carolyn.ross63@proton.me,Basic,2020-05-20
203,Donald,Watson,donald.watson88@outlook.com,Senior,2024-03-09
204,Barbara,Parker,barbara.parker13@gmail.com,Basic,2023-11-22
205,Joshua,Brown,joshua.brown6@outlook.com,Student,2021-08-23
206,Dorothy,Mitchell,dorothy.mitchell56@yahoo.com,Basic,2022-04-23
207,Larry,Mendoza,larry.mendoza24@yahoo.com,Basic,2023-06-02
208,Timothy,Richardson,timothy.richardson88@yahoo.com,Premium,2023-04-09
209,Christopher,Robinson,christopher.robinson60@outlook.com,Premium,2023-09-27
210,Mary,Reyes,mary.reyes37@proton.me,Basic,2022-06-23
211,Brian,Ramos,brian.ramos39@icloud.com,Premium,2022-07-24
212,Joshua,Sanchez,joshua.sanchez50@icloud.com,Basic,2022-02-20
213,Pamela,Rivera,pamela.rivera74@outlook.com,Senior,2021-08-27
214,Robert,James,robert.james51@outlook.com,Basic,2024-11-06
215,Debra,Jimenez,debra.jimenez96@gmail.com,Senior,2024-03-06
216,Amy,Torres,amy.torres30@proton.me,Student,2021-03-24
217,Samantha,Harris,samantha.harris80@outlook.com,Premium,2024-01-16
218,Jerry,James,jerry.james88@yahoo.com,Premium,2023-07-09
219,Samuel,Garcia,samuel.garcia40@icloud.com,Basic,2022-01-17
220,Janet,Taylor,janet.taylor12@outlook.com,Basic,2022-04-30
221,Daniel,Sanchez,daniel.sanchez17@proton.me,Student,2022-01-19
222,Shirley,Cook,shirley.cook35@yahoo.com,Basic,2024-08-15
223,Kathleen,Nguyen,kathleen.nguyen96@outlook.com,Student,2022-08-17
224,Elizabeth,Jackson,elizabeth.jackson97@yahoo.com,Student,2024-01-23
225,Gregory,Gomez,gregory.gomez72@outlook.com,Basic,2022-03-19
226,Mary,King,mary.king69@gmail.com,Premium,2023-10-09
227,Catherine,Gray,catherine.gray34@proton.me,Basic,2023-07-31
228,Melissa,Wilson,melissa.wilson87@yahoo.com,Premium,2023-06-22
229,Brenda,Adams,brenda.adams79@yahoo.com,Premium,2023-07-25
230,Cynthia,Hughes,cynthia.hughes39@icloud.com,Basic,2020-04-02
231,John,Hill,john.hill64@gmail.com,Basic,2024-12-22
232,Jonathan,Moore,jonathan.moore50@icloud.com,Basic,2024-03-01
233,Rachel,Cooper,rachel.cooper54@proton.me,Student,2020-11-12
234,Rebecca,Wood,rebecca.wood13@icloud.com,Premium,2021-07-26
235,John,Ruiz,john.ruiz48@yahoo.com,Basic,2021-04-28
236,George,Gonzalez,george.gonzalez88@outlook.com,Premium,2023-08-13
237,Dorothy,Davis,dorothy.davis51@outlook.com,Basic,2020-09-07
238,Ryan,Lopez,ryan.lopez85@yahoo.com,Premium,2023-05-07
239,Robert,Miller,robert.miller43@yahoo.com,Senior,2024-05-30
240,Larry,Clark,larry.clark9@proton.me,Basic,2021-03-18
241,Sandra,Nelson,sandra.nelson19@proton.me,Basic,2024-10-24
242,Christopher,Taylor,christopher.taylor70@outlook.com,Student,2020-08-13
243,Raymond,Brown,raymond.brown17@gmail.com,Basic,2024-06-02
244,Donald,Ramos,donald.ramos42@gmail.com,Basic,2020-04-17
245,Thomas,Patel,thomas.patel54@proton.me,Basic,2020-05-10
246,Jacob,Edwards,jacob.edwards47@proton.me,Premium,2022-07-14
247,Nicholas,Lewis,nicholas.lewis79@gmail.com,Student,2024-11-10
248,Raymond,Gutierrez,raymond.gutierrez39@icloud.com,Premium,2020-03-04
249,Linda,Morris,linda.morris52@icloud.com,Premium,2022-10-01
250,Carolyn,Cruz,carolyn.cruz10@gmail.com,Basic,2020-10-30
251,David,Taylor,david.taylor36@proton.me,Premium,2023-01-28
252,Carolyn,Adams,carolyn.adams49@proton.me,Premium,2022-07-18
253,Nicholas,Cox,nicholas.cox56@gmail.com,Student,2020-08-22
254,Katherine,Wood,katherine.wood99@proton.me,Student,2021-03-16
255,Sharon,Edwards,sharon.edwards30@icloud.com,Basic,2022-07-17
256,Stephanie,Turner,stephanie.turner94@gmail.com,Basic,2021-10-02
257,Christine,Allen,christine.allen48@yahoo.com,Premium,2022-08-29
258,David,Lopez,david.lopez11@gmail.com,Basic,2024-03-04
259,Jack,Mitchell,jack.mitchell17@proton.me,Basic,2023-02-24
260,Brenda,Nelson,brenda.nelson86@gmail.com,Basic,2024-11-24
261,Christine,Long,christine.long55@gmail.com,Senior,2023-05-14
262,Michelle,Rivera,michelle.rivera14@proton.me,Premium,2020-11-12
263,Raymond,Morris,raymond.morris29@gmail.com,Basic,2023-02-13
264,Melissa,Anderson,melissa.anderson98@outlook.com,Premium,2024-07-11
265,Jason,Bailey,jason.bailey99@proton.me,Premium,2023-08-09
266,Brenda,Brown,brenda.brown78@outlook.com,Basic,2021-07-13
267,Rachel,Ross,rachel.ross40@outlook.com,Basic,2021-01-06
268,Christopher,Reed,christopher.reed85@icloud.com,Basic,2024-02-26
269,Samantha,Brown,samantha.brown12@proton.me,Basic,2022-05-09
270,Ryan,Baker,ryan.baker21@outlook.com,Basic,2021-10-26
271,Heather,Reed,heather.reed77@gmail.com,Student,2020-11-14
272,Charles,Long,charles.long80@gmail.com,Premium,2021-07-11
273,Jeffrey,James,jeffrey.james55@icloud.com,Premium,2022-04-28
274,Paul,Ramirez,paul.ramirez97@proton.me,Basic,2022-05-30
275,Joseph,Torres,joseph.torres87@proton.me,Premium,2023-09-28
276,Michelle,Garcia,michelle.garcia29@icloud.com,Senior,2020-04-22
277,James,Clark,james.clark39@yahoo.com,Student,2024-04-14
278,Steven,Nguyen,steven.nguyen42@gmail.com,Basic,2024-03-09
279,Sharon,Thompson,sharon.thompson17@icloud.com,Premium,2021-04-16
280,Nicholas,Bailey,nicholas.bailey86@outlook.com,Basic,2024-10-30
281,Jack,Garcia,jack.garcia56@gmail.com,Premium,2020-06-08
282,Kenneth,Kelly,kenneth.kelly55@proton.me,Basic,2023-08-04
283,Rebecca,Nguyen,rebecca.nguyen15@icloud.com,Basic,2021-10-27
284,Lisa,Richardson,lisa.richardson59@outlook.com,Basic,2024-09-25
285,Susan,Young,susan.young56@proton.me,Basic,2020-06-10
286,Ronald,Flores,ronald.flores96@outlook.com,Basic,2024-05-14
287,Lisa,Martinez,lisa.martinez66@gmail.com,Premium,2021-02-01
288,Heather,Hall,heather.hall45@yahoo.com,Basic,2020-10-26
289,Steven,Sanchez,steven.sanchez23@proton.me,Basic,2024-04-03
290,Katherine,Martinez,katherine.martinez23@icloud.com,Premium,2023-02-28
291,Maria,Howard,maria.howard58@proton.me,Premium,2023-07-03
292,Carol,Watson,carol.watson41@yahoo.com,Basic,2022-08-18
293,Jeffrey,Watson,jeffrey.watson39@outlook.com,Premium,2021-12-21
294,Nicholas,Martinez,nicholas.martinez40@icloud.com,Premium,2020-04-26
295,Melissa,Torres,melissa.torres10@gmail.com,Premium,2022-11-04
296,Deborah,Reyes,deborah.reyes75@proton.me,Senior,2024-02-22
297,Jennifer,Edwards,jennifer.edwards74@yahoo.com,Basic,2022-09-01
298,Nicholas,Martin,nicholas.martin8@icloud.com,Basic,2024-09-10
299,Amanda,Alvarez,amanda.alvarez11@proton.me,Premium,2020-03-21
300,Ashley,Price,ashley.price57@icloud.com,Premium,2023-06-02
301,Charles,Campbell,charles.campbell48@outlook.com,Basic,2024-05-05
302,Amanda,Gray,amanda.gray77@gmail.com,Student,2023-08-18
303,Kevin,Rodriguez,kevin.rodriguez43@gmail.com,Premium,2022-03-02
304,Andrew,Allen,andrew.allen93@proton.me,Student,2021-11-13
305,William,Howard,william.howard85@yahoo.com,Senior,2021-09-27
306,Katherine,Hughes,katherine.hughes85@icloud.com,Basic,2023-12-22
307,William,Flores,william.flores72@icloud.com,Premium,2021-11-03
308,Thomas,Bennett,thomas.bennett90@proton.me,Basic,2023-10-05
309,Jason,Rogers,jason.rogers47@gmail.com,Basic,2021-01-04
310,Margaret,Baker,margaret.baker99@icloud.com,Basic,2020-10-08
311,Karen,Martinez,karen.martinez38@gmail.com,Premium,2023-01-10
312,Jack,Ortiz,jack.ortiz5@outlook.com,Student,2023-06-19
313,Thomas,Kim,thomas.kim49@yahoo.com,Basic,2024-08-29
314,Frank,Foster,frank.foster80@yahoo.com,Student,2020-03-30
315,Edward,Campbell,edward.campbell87@yahoo.com,Senior,2023-06-04
316,Andrew,Long,andrew.long96@icloud.com,Basic,2021-05-04
317,Michelle,Stewart,michelle.stewart25@outlook.com,Premium,2023-03-14
318,Jeffrey,Reyes,jeffrey.reyes99@outlook.com,Student,2022-10-26
319,Shirley,Turner,shirley.turner21@yahoo.com,Student,2020-10-10
320,Steven,Miller,steven.miller83@icloud.com,Student,2023-02-09
321,Susan,Alvarez,susan.alvarez67@gmail.com,Basic,2024-04-11
322,Charles,Wright,charles.wright58@proton.me,Basic,2022-06-14
323,Barbara,Lewis,barbara.lewis58@outlook.com,Senior,2022-04-29
324,Michael,Gomez,michael.gomez65@outlook.com,Basic,2020-06-16
325,Melissa,Lewis,melissa.lewis4@outlook.com,Senior,2024-09-14
326,Carolyn,Wood,carolyn.wood43@yahoo.com,Basic,2021-08-10
327,Jacob,Hughes,jacob.hughes18@icloud.com,Basic,2020-01-11
328,William,Williams,william.williams33@yahoo.com,Student,2023-01-28
329,Janet,Cox,janet.cox68@icloud.com,Basic,2021-08-13
330,Donald,Hill,donald.hill16@gmail.com,Basic,2023-08-01
331,Diane,Richardson,diane.richardson59@gmail.com,Basic,2022-10-20
332,Scott,Morgan,scott.morgan3@proton.me,Premium,2024-01-11
333,Christopher,Nguyen,christopher.nguyen55@gmail.com,Premium,2021-05-07
334,Pamela,Turner,pamela.turner24@gmail.com,Premium,2022-01-08
335,David,Ortiz,david.ortiz70@proton.me,Student,2022-11-05
336,Stephen,Williams,stephen.williams50@icloud.com,Basic,2022-03-03
337,Melissa,Allen,melissa.allen96@gmail.com,Basic,2020-05-18
338,Brian,Walker,brian.walker94@gmail.com,Student,2024-02-14
339,Dennis,Nelson,dennis.nelson18@gmail.com,Basic,2021-11-24
340,Samuel,Thompson,samuel.thompson88@icloud.com,Senior,2022-09-07
341,Benjamin,White,benjamin.white18@gmail.com,Student,2022-07-26
342,John,Nguyen,john.nguyen26@gmail.com,Student,2024-12-19
343,Jennifer,Green,jennifer.green40@proton.me,Basic,2024-07-27
344,Anna,Stewart,anna.stewart33@gmail.com,Student,2021-01-26
345,Andrew,Rivera,andrew.rivera7@outlook.com,Basic,2024-06-25
346,Melissa,Parker,melissa.parker52@icloud.com,Student,2022-03-02
347,Amanda,White,amanda.white64@icloud.com,Basic,2024-06-20
348,Eric,Wright,eric.wright11@icloud.com,Basic,2023-05-18
349,Nancy,Cooper,nancy.cooper38@outlook.com,Basic,2021-11-02
350,Raymond,Nguyen,raymond.nguyen40@icloud.com,Premium,2022-05-22
351,Lisa,Ruiz,lisa.ruiz57@outlook.com,Basic,2024-01-28
352,Dorothy,Ward,dorothy.ward56@outlook.com,Premium,2024-06-08
353,Linda,Martinez,linda.martinez86@icloud.com,Basic,2024-06-28
354,Catherine,Gray,catherine.gray21@gmail.com,Basic,2023-05-29
355,Gregory,Cruz,gregory.cruz5@yahoo.com,Basic,2024-05-13
356,Samuel,Campbell,samuel.campbell47@icloud.com,Senior,2020-03-07
357,Nicole,Martin,nicole.martin87@icloud.com,Senior,2022-01-31
358,Jeffrey,Ross,jeffrey.ross10@proton.me,Basic,2022-01-21
359,Ronald,Green,ronald.green84@outlook.com,Basic,2020-08-20
360,Patricia,Patel,patricia.patel24@icloud.com,Premium,2023-02-24
361,Jessica,King,jessica.king34@icloud.com,Basic,2023-06-07
362,Andrew,Ruiz,andrew.ruiz63@yahoo.com,Basic,2024-10-12
363,Elizabeth,Edwards,elizabeth.edwards23@icloud.com,Senior,2024-07-17
364,Debra,Green,debra.green86@outlook.com,Student,2023-01-31
365,Anna,Nguyen,anna.nguyen39@yahoo.com,Student,2023-12-05
366,Samantha,Thompson,samantha.thompson47@proton.me,Basic,2021-02-15
367,Diane,Moore,diane.moore31@icloud.com,Basic,2023-02-08
368,Pamela,Mitchell,pamela.mitchell60@proton.me,Basic,2024-12-15
369,Barbara,Rodriguez,barbara.rodriguez40@icloud.com,Senior,2024-01-12
370,Kathleen,Ortiz,kathleen.ortiz53@icloud.com,Student,2020-05-31
371,Thomas,Green,thomas.green83@gmail.com,Basic,2023-10-24
372,Eric,Hall,eric.hall17@proton.me,Premium,2021-01-07
373,Jerry,Taylor,jerry.taylor56@proton.me,Senior,2020-04-23
374,Jessica,Gutierrez,jessica.gutierrez20@outlook.com,Basic,2021-10-22
375,Alexander,Lewis,alexander.lewis45@proton.me,Student,2024-09-28
376,William,Allen,william.allen26@proton.me,Basic,2023-07-04
377,Joshua,Ward,joshua.ward69@gmail.com,Premium,2020-12-11
378,Emma,Howard,emma.howard20@yahoo.com,Premium,2024-01-15
379,Nicole,Baker,nicole.baker73@gmail.com,Student,2020-02-28
380,William,Garcia,william.garcia83@proton.me,Basic,2021-03-07
381,Jerry,Kelly,jerry.kelly54@proton.me,Premium,2022-10-16
382,Benjamin,Cooper,benjamin.cooper38@outlook.com,Premium,2024-07-06
383,Debra,Phillips,debra.phillips39@icloud.com,Basic,2020-05-02
384,Charles,Cruz,charles.cruz54@icloud.com,Premium,2021-11-27
385,Nicole,Jackson,nicole.jackson41@outlook.com,Student,2024-10-28
386,Brian,Phillips,brian.phillips17@outlook.com,Premium,2020-08-05
387,Kenneth,Walker,kenneth.walker60@gmail.com,Basic,2021-05-22
388,Christopher,Gonzalez,christopher.gonzalez7@outlook.com,Senior,2024-11-04
389,Brandon,Turner,brandon.turner32@yahoo.com,Student,2023-03-29
390,Patrick,Green,patrick.green25@yahoo.com,Premium,2022-11-20
391,Cynthia,Murphy,cynthia.murphy40@icloud.com,Basic,2022-03-16
392,Nicholas,Collins,nicholas.collins31@yahoo.com,Premium,2020-04-09
393,Michael,Torres,michael.torres64@proton.me,Student,2023-09-01
394,Gregory,Stewart,gregory.stewart37@proton.me,Basic,2020-08-08
395,Sharon,Moore,sharon.moore34@outlook.com,Student,2022-01-19
396,Jennifer,Phillips,jennifer.phillips7@proton.me,Premium,2022-01-12
397,Stephen,Torres,stephen.torres10@icloud.com,Premium,2024-04-14
398,Stephen,Scott,stephen.scott80@proton.me,Basic,2020-07-17
399,Ronald,Mitchell,ronald.mitchell44@proton.me,Senior,2024-03-26
400,Christopher,Sanchez,christopher.sanchez78@proton.me,Basic,2020-03-23
401,Jennifer,Jones,jennifer.jones18@outlook.com,Student,2022-11-29
402,Ryan,Martin,ryan.martin78@proton.me,Basic,2023-06-09
403,Kenneth,Lee,kenneth.lee51@proton.me,Student,2021-09-04
404,Emma,Baker,emma.baker65@proton.me,Premium,2023-12-22
405,Larry,Hill,larry.hill61@gmail.com,Basic,2023-10-11
406,Joseph,Turner,joseph.turner75@outlook.com,Student,2024-01-25
407,Frank,Watson,frank.watson4@proton.me,Premium,2023-09-04
408,Tyler,Jimenez,tyler.jimenez75@proton.me,Basic,2020-04-15
409,Justin,Morris,justin.morris22@proton.me,Premium,2023-06-23
410,Heather,Carter,heather.carter19@yahoo.com,Basic,2023-12-05
411,Joseph,Harris,joseph.harris3@icloud.com,Basic,2020-11-06
412,Edward,Ruiz,edward.ruiz27@icloud.com,Premium,2023-06-06
413,Jacob,Patel,jacob.patel94@gmail.com,Student,2022-11-28
414,Anthony,Bailey,anthony.bailey42@icloud.com,Premium,2021-10-04
415,Daniel,Collins,daniel.collins69@outlook.com,Premium,2023-10-16
416,Jerry,Castillo,jerry.castillo88@outlook.com,Premium,2021-01-28
417,Ashley,Scott,ashley.scott72@outlook.com,Basic,2021-09-01
418,Jerry,Torres,jerry.torres91@yahoo.com,Premium,2022-09-28
419,Kenneth,Morris,kenneth.morris45@proton.me,Senior,2024-06-16
420,Patrick,Scott,patrick.scott37@gmail.com,Premium,2023-01-17
421,Timothy,Gomez,timothy.gomez45@yahoo.com,Basic,2021-08-12
422,Carolyn,Hernandez,carolyn.hernandez45@icloud.com,Premium,2024-03-10
423,Kathleen,Ramirez,kathleen.ramirez26@proton.me,Basic,2023-02-25
424,Rachel,Wright,rachel.wright18@gmail.com,Premium,2023-04-16
425,Donald,Young,donald.young7@proton.me,Basic,2021-04-21
426,Michael,Gonzalez,michael.gonzalez53@outlook.com,Student,2020-07-24
427,Debra,Foster,debra.foster18@gmail.com,Senior,2020-11-19
428,Edward,Wood,edward.wood61@icloud.com,Premium,2024-03-28
429,Andrew,Adams,andrew.adams37@gmail.com,Senior,2020-07-02
430,Katherine,Kelly,katherine.kelly30@proton.me,Student,2024-10-07
431,John,Thompson,john.thompson54@yahoo.com,Senior,2020-03-15
432,Ronald,Murphy,ronald.murphy24@outlook.com,Student,2020-01-19
433,Joshua,Reed,joshua.reed78@gmail.com,Senior,2021-11-17
434,Andrew,Collins,andrew.collins83@proton.me,Premium,2024-12-26
435,Sarah,Cook,sarah.cook60@outlook.com,Basic,2020-08-18
436,Kevin,Lee,kevin.lee94@icloud.com,Premium,2024-01-11
437,Nancy,Johnson,nancy.johnson95@outlook.com,Student,2023-03-08
438,Gregory,Long,gregory.long25@yahoo.com,Premium,2023-08-01
439,Stephanie,Diaz,stephanie.diaz66@outlook.com,Basic,2023-10-02
440,Richard,White,richard.white18@icloud.com,Basic,2021-05-23
441,James,King,james.king50@yahoo.com,Basic,2021-06-30
442,Kevin,Hill,kevin.hill75@proton.me,Basic,2023-08-31
443,George,Ruiz,george.ruiz31@gmail.com,Premium,2022-08-11
444,Michelle,Lee,michelle.lee52@proton.me,Senior,2024-12-23
445,Alexander,Foster,alexander.foster40@gmail.com,Premium,2021-08-27
446,Melissa,Ward,melissa.ward29@yahoo.com,Senior,2022-09-06
447,Karen,Collins,karen.collins96@proton.me,Basic,2023-12-08
448,Stephen,Stewart,stephen.stewart97@proton.me,Student,2024-08-17
449,Margaret,Ross,margaret.ross32@proton.me,Student,2020-06-16
450,Shirley,Edwards,shirley.edwards68@outlook.com,Basic,2023-03-01
451,Joseph,Davis,joseph.davis71@proton.me,Basic,2023-01-04
452,Karen,Perez,karen.perez42@proton.me,Basic,2023-10-25
453,Anthony,Alvarez,anthony.alvarez75@icloud.com,Basic,2022-11-11
454,Laura,Davis,laura.davis59@yahoo.com,Premium,2022-07-24
455,Larry,Davis,larry.davis72@icloud.com,Premium,2021-09-23
456,Patrick,Williams,patrick.williams51@outlook.com,Student,2024-03-07
457,Margaret,Howard,margaret.howard10@gmail.com,Basic,2023-12-05
458,David,Cooper,david.cooper8@gmail.com,Senior,2022-08-24
459,John,Torres,john.torres53@yahoo.com,Student,2024-04-17
460,Samuel,Sanders,samuel.sanders83@icloud.com,Basic,2024-12-30
461,Timothy,Edwards,timothy.edwards49@icloud.com,Basic,2023-09-17
462,Anna,Moore,anna.moore84@outlook.com,Basic,2023-01-05
463,Ronald,Ortiz,ronald.ortiz17@yahoo.com,Student,2024-03-28
464,Robert,Hill,robert.hill60@proton.me,Basic,2022-02-15
465,Sandra,Young,sandra.young59@outlook.com,Basic,2021-01-21
466,Patrick,Ross,patrick.ross15@gmail.com,Student,2022-05-08
467,Brandon,Foster,brandon.foster3@yahoo.com,Basic,2020-07-25
468,Scott,Jones,scott.jones58@proton.me,Premium,2024-11-21
469,Michael,Young,michael.young95@gmail.com,Basic,2021-04-24
470,Anna,Ramirez,anna.ramirez97@gmail.com,Basic,2021-08-15
471,Sandra,Sanders,sandra.sanders74@outlook.com,Premium,2024-05-01
472,Gregory,Adams,gregory.adams31@outlook.com,Student,2023-09-14
473,Eric,Lewis,eric.lewis53@outlook.com,Basic,2023-02-14
474,Emma,Patel,emma.patel23@icloud.com,Premium,2020-04-06
475,Brian,Chavez,brian.chavez86@icloud.com,Student,2021-10-14
476,Rachel,Turner,rachel.turner53@yahoo.com,Basic,2021-01-11
477,Dennis,Morgan,dennis.morgan61@yahoo.com,Student,2021-09-07
478,Alexander,Jackson,alexander.jackson60@gmail.com,Premium,2022-05-03
479,Brenda,Ortiz,brenda.ortiz18@icloud.com,Basic,2021-02-20
480,Kevin,Chavez,kevin.chavez11@icloud.com,Student,2020-07-08
481,Jonathan,Castillo,jonathan.castillo25@gmail.com,Basic,2023-10-11
482,Nicole,Cox,nicole.cox6@gmail.com,Basic,2024-04-08
483,Emma,Castillo,emma.castillo86@proton.me,Basic,2021-03-03
484,Kevin,Hill,kevin.hill2@yahoo.com,Senior,2024-02-27
485,Jessica,Myers,jessica.myers97@icloud.com,Senior,2023-11-25
486,Nicole,Price,nicole.price27@icloud.com,Senior,2023-02-04
487,Carol,Jimenez,carol.jimenez37@icloud.com,Premium,2023-08-21
488,Dorothy,Flores,dorothy.flores34@outlook.com,Premium,2022-10-15
489,Cynthia,Gonzalez,cynthia.gonzalez93@icloud.com,Student,2021-10-17
490,Anthony,Mitchell,anthony.mitchell41@icloud.com,Basic,2024-11-04
491,Mark,Patel,mark.patel19@gmail.com,Basic,2023-04-11
492,Justin,Castillo,justin.castillo54@outlook.com,Basic,2021-11-06
493,Sandra,Carter,sandra.carter73@yahoo.com,Premium,2023-09-02
494,Debra,Baker,debra.baker33@icloud.com,Senior,2023-08-07
495,Jack,Morales,jack.morales59@yahoo.com,Student,2021-12-22
496,Lisa,Moore,lisa.moore93@proton.me,Premium,2024-12-26
497,Anna,Chavez,anna.chavez8@proton.me,Basic,2024-09-30
498,Elizabeth,Bennett,elizabeth.bennett7@gmail.com,Basic,2024-09-21
499,Benjamin,Robinson,benjamin.robinson9@yahoo.com,Basic,2022-11-01
500,Ryan,Mitchell,ryan.mitchell8@proton.me,Premium,2023-06-16
501,Kathleen,James,kathleen.james63@gmail.com,Basic,2023-02-03
502,Edward,Johnson,edward.johnson3@proton.me,Student,2023-01-02
503,Andrew,Williams,andrew.williams65@icloud.com,Student,2021-01-02
504,Susan,Gonzalez,susan.gonzalez68@yahoo.com,Basic,2023-06-23
505,Shirley,Allen,shirley.allen46@outlook.com,Student,2020-06-10
506,Melissa,Phillips,melissa.phillips59@proton.me,Basic,2023-11-28
507,Mark,Hill,mark.hill88@gmail.com,Premium,2024-10-23
508,Katherine,Ross,katherine.ross5@gmail.com,Basic,2022-02-11
509,Stephen,Stewart,stephen.stewart8@gmail.com,Student,2020-06-18
510,Amy,Parker,amy.parker83@outlook.com,Premium,2024-10-23
511,Richard,Ortiz,richard.ortiz6@yahoo.com,Basic,2024-11-12
512,Frank,Reed,frank.reed61@outlook.com,Basic,2020-06-01
513,Debra,Scott,debra.scott70@proton.me,Premium,2021-01-02
514,Kenneth,Williams,kenneth.williams27@proton.me,Basic,2024-08-07
515,Carolyn,Gomez,carolyn.gomez10@outlook.com,Basic,2021-05-07
516,Larry,Roberts,larry.roberts87@proton.me,Basic,2024-03-27
517,Jack,Moore,jack.moore89@gmail.com,Premium,2021-12-09
518,Michael,Gonzalez,michael.gonzalez56@yahoo.com,Student,2021-11-28
519,Nicole,Foster,nicole.foster79@proton.me,Basic,2024-05-03
520,Carol,Brown,carol.brown82@outlook.com,Student,2022-07-11
521,Gary,Robinson,gary.robinson46@proton.me,Senior,2022-06-03
522,Nancy,Mendoza,nancy.mendoza75@icloud.com,Basic,2023-06-20
523,Donna,Young,donna.young92@gmail.com,Basic,2020-11-11
524,Timothy,Alvarez,timothy.alvarez82@yahoo.com,Student,2021-10-10
525,George,Wilson,george.wilson12@gmail.com,Senior,2022-06-29
526,George,Ross,george.ross35@gmail.com,Basic,2021-01-18
527,Sharon,Edwards,sharon.edwards72@proton.me,Premium,2020-07-30
528,Patricia,Lopez,patricia.lopez46@proton.me,Basic,2023-05-09
529,Tyler,Adams,tyler.adams50@gmail.com,Basic,2022-03-05
530,Heather,Hernandez,heather.hernandez93@proton.me,Senior,2021-05-12
531,Pamela,Gutierrez,pamela.gutierrez22@icloud.com,Basic,2021-07-04
532,Joshua,Wright,joshua.wright64@yahoo.com,Basic,2022-06-09
533,Emily,Turner,emily.turner39@icloud.com,Student,2022-01-09
534,Steven,Young,steven.young93@icloud.com,Premium,2021-02-04
535,Ryan,Wilson,ryan.wilson18@outlook.com,Basic,2022-03-21
536,Kevin,Richardson,kevin.richardson49@outlook.com,Basic,2022-05-31
537,Katherine,Kim,katherine.kim18@outlook.com,Basic,2023-11-24
538,Betty,Morris,betty.morris41@yahoo.com,Senior,2021-10-15
539,Donna,Patel,donna.patel89@icloud.com,Senior,2024-05-20
540,Ashley,Adams,ashley.adams49@outlook.com,Student,2022-03-15
541,George,Anderson,george.anderson73@yahoo.com,Premium,2023-01-22
542,Nancy,Mendoza,nancy.mendoza99@proton.me,Basic,2024-01-29
543,Cynthia,Price,cynthia.price27@icloud.com,Student,2024-08-29
544,Frank,Rodriguez,frank.rodriguez53@icloud.com,Basic,2021-09-12
545,Donald,Allen,donald.allen85@yahoo.com,Student,2024-06-04
546,Timothy,Martinez,timothy.martinez58@proton.me,Premium,2022-03-31
547,Jonathan,Cook,jonathan.cook89@icloud.com,Premium,2024-06-07
548,George,Hughes,george.hughes69@proton.me,Premium,2020-06-23
549,Susan,Foster,susan.foster32@outlook.com,Basic,2023-06-08
550,Jennifer,Reed,jennifer.reed83@icloud.com,Senior,2021-11-10
551,Diane,Parker,diane.parker14@gmail.com,Basic,2021-03-30
552,Angela,Myers,angela.myers67@proton.me,Premium,2023-03-24
553,Mark,Edwards,mark.edwards48@icloud.com,Premium,2023-10-23
554,Emma,Ruiz,emma.ruiz65@yahoo.com,Basic,2020-02-20
555,Kathleen,Wilson,kathleen.wilson38@icloud.com,Senior,2020-06-24
556,Joseph,Sanders,joseph.sanders19@outlook.com,Basic,2022-07-21
557,Tyler,Clark,tyler.clark67@icloud.com,Basic,2020-07-18
558,Jeffrey,Castillo,jeffrey.castillo90@icloud.com,Basic,2021-09-06
559,Jennifer,Price,jennifer.price15@gmail.com,Student,2023-08-20
560,Susan,Gray,susan.gray22@yahoo.com,Premium,2023-02-04
561,Charles,Nelson,charles.nelson72@icloud.com,Senior,2021-04-19
562,Stephanie,Watson,stephanie.watson24@yahoo.com,Premium,2022-06-04
563,Ronald,Brown,ronald.brown95@proton.me,Student,2022-07-09
564,Emma,Diaz,emma.diaz50@gmail.com,Student,2021-02-25
565,Emily,Long,emily.long91@gmail.com,Premium,2024-06-25
566,Jonathan,White,jonathan.white47@outlook.com,Basic,2020-08-21
567,Kimberly,Bennett,kimberly.bennett63@proton.me,Senior,2021-10-03
568,Scott,Roberts,scott.roberts79@icloud.com,Premium,2021-12-13
569,Dorothy,Collins,dorothy.collins80@yahoo.com,Student,2023-12-16
570,Joshua,Ward,joshua.ward76@gmail.com,Premium,2021-10-03
571,Jessica,Walker,jessica.walker40@gmail.com,Basic,2023-11-21
572,Christopher,Rogers,christopher.rogers50@icloud.com,Premium,2023-03-23
573,Deborah,Diaz,deborah.diaz24@icloud.com,Premium,2023-11-21
574,Samuel,Thompson,samuel.thompson72@yahoo.com,Premium,2020-10-14
575,Nancy,Green,nancy.green58@proton.me,Basic,2022-01-05
576,Mary,Morales,mary.morales18@yahoo.com,Student,2023-02-24
577,Nicholas,Wood,nicholas.wood64@icloud.com,Premium,2022-05-01
578,Alexander,Cruz,alexander.cruz63@yahoo.com,Basic,2020-03-04
579,Diane,Ross,diane.ross29@outlook.com,Basic,2021-04-05
580,Jonathan,Torres,jonathan.torres22@icloud.com,Premium,2024-05-01
581,Jerry,Murphy,jerry.murphy71@proton.me,Basic,2020-08-21
582,Paul,Jimenez,paul.jimenez70@outlook.com,Premium,2024-03-29
583,Jennifer,Ross,jennifer.ross93@icloud.com,Premium,2022-05-20
584,Susan,Patel,susan.patel84@yahoo.com,Basic,2020-03-07
585,Laura,King,laura.king45@gmail.com,Basic,2020-08-28
586,Heather,Walker,heather.walker27@proton.me,Premium,2024-10-29
587,Alexander,Ward,alexander.ward81@icloud.com,Basic,2020-10-12
588,Tyler,Clark,tyler.clark27@gmail.com,Premium,2022-12-26
589,Emily,Kim,emily.kim69@yahoo.com,Basic,2023-12-12
590,Donna,Nguyen,donna.nguyen74@outlook.com,Senior,2022-11-19
591,Gregory,Gonzalez,gregory.gonzalez18@icloud.com,Senior,2021-07-21
592,Katherine,Taylor,katherine.taylor90@yahoo.com,Basic,2023-12-27
593,Carol,Young,carol.young98@icloud.com,Premium,2023-03-28
594,Benjamin,Wright,benjamin.wright81@icloud.com,Basic,2020-06-03
595,Samantha,Foster,samantha.foster12@icloud.com,Premium,2021-07-23
596,Frank,Mitchell,frank.mitchell59@icloud.com,Basic,2020-01-06
597,Heather,Sanders,heather.sanders12@icloud.com,Premium,2023-11-29
598,Dorothy,Rodriguez,dorothy.rodriguez69@icloud.com,Basic,2022-05-29
599,Margaret,Murphy,margaret.murphy35@outlook.com,Student,2021-11-22
600,Stephen,Kelly,stephen.kelly17@proton.me,Student,2024-06-02
601,Amanda,Mendoza,amanda.mendoza98@gmail.com,Basic,2023-07-06
602,Tyler,Collins,tyler.collins3@gmail.com,Senior,2020-11-19
603,Jeffrey,Collins,jeffrey.collins1@icloud.com,Basic,2023-11-11
604,Thomas,Wood,thomas.wood39@yahoo.com,Student,2024-11-30
605,Emily,Lopez,emily.lopez84@outlook.com,Basic,2022-01-31
606,Christine,Wood,christine.wood22@gmail.com,Basic,2021-09-17
607,Patrick,Hughes,patrick.hughes97@yahoo.com,Basic,2020-07-05
608,Alexander,Gonzalez,alexander.gonzalez1@yahoo.com,Premium,2020-09-28
609,Emma,Lewis,emma.lewis67@icloud.com,Basic,2023-11-25
610,Amanda,Thomas,amanda.thomas55@yahoo.com,Premium,2021-04-13
611,Deborah,Lopez,deborah.lopez94@gmail.com,Basic,2022-01-22
612,Joshua,Moore,joshua.moore49@yahoo.com,Premium,2023-10-18
613,Christopher,Rodriguez,christopher.rodriguez68@proton.me,Basic,2023-08-24
614,Lisa,Cruz,lisa.cruz45@yahoo.com,Premium,2020-11-06
615,Edward,Ward,edward.ward88@icloud.com,Student,2020-06-26
616,Richard,Moore,richard.moore97@gmail.com,Premium,2022-02-25
617,Brian,Diaz,brian.diaz41@yahoo.com,Basic,2023-08-13
618,William,Young,william.young71@proton.me,Premium,2023-05-29
619,Andrew,Jimenez,andrew.jimenez89@gmail.com,Student,2023-09-10
620,Joshua,Clark,joshua.clark67@proton.me,Premium,2024-03-11
621,Ronald,Nguyen,ronald.nguyen83@gmail.com,Student,2024-06-13
622,Donald,Murphy,donald.murphy50@gmail.com,Basic,2023-07-30
623,Scott,Martinez,scott.martinez68@gmail.com,Senior,2021-10-10
624,Thomas,Roberts,thomas.roberts73@icloud.com,Basic,2023-10-30
625,Daniel,Ross,daniel.ross61@gmail.com,Basic,2020-05-18
626,Mary,King,mary.king28@gmail.com,Senior,2024-06-04
627,Ronald,Cook,ronald.cook37@proton.me,Student,2022-05-17
628,Rachel,Phillips,rachel.phillips11@proton.me,Premium,2020-11-08
629,Emily,Hernandez,emily.hernandez40@gmail.com,Premium,2021-02-20
630,Karen,Morgan,karen.morgan42@icloud.com,Premium,2024-04-12
631,Katherine,Mendoza,katherine.mendoza83@gmail.com,Basic,2022-06-14
632,Janet,Walker,janet.walker8@yahoo.com,Basic,2022-06-08
633,Joseph,Collins,joseph.collins79@proton.me,Basic,2023-09-26
634,Jack,James,jack.james95@yahoo.com,Basic,2023-12-20
635,Sarah,Hughes,sarah.hughes2@yahoo.com,Premium,2021-12-11
636,Eric,Gutierrez,eric.gutierrez93@outlook.com,Basic,2020-09-16
637,Catherine,Jimenez,catherine.jimenez35@gmail.com,Student,2020-03-01
638,Kevin,Diaz,kevin.diaz35@proton.me,Basic,2023-12-29
639,Pamela,Watson,pamela.watson10@icloud.com,Premium,2022-01-07
640,Linda,Murphy,linda.murphy73@yahoo.com,Basic,2021-06-06
641,Jerry,Wilson,jerry.wilson74@gmail.com,Basic,2022-11-08
642,James,Garcia,james.garcia2@yahoo.com,Basic,2022-01-15
643,Deborah,Martin,deborah.martin23@gmail.com,Premium,2024-01-02
644,Jack,Wood,jack.wood54@yahoo.com,Basic,2022-05-02
645,Patrick,Green,patrick.green35@gmail.com,Premium,2020-09-01
646,Nicholas,Gray,nicholas.gray7@yahoo.com,Basic,2022-11-22
647,Jennifer,Phillips,jennifer.phillips9@icloud.com,Student,2024-05-03
648,Michelle,Adams,michelle.adams12@proton.me,Premium,2022-01-25
649,Betty,Nguyen,betty.nguyen73@outlook.com,Student,2021-05-11
650,Cynthia,Mitchell,cynthia.mitchell76@icloud.com,Senior,2024-05-08
651,Betty,Sanders,betty.sanders70@yahoo.com,Basic,2022-04-19
652,Patricia,Robinson,patricia.robinson70@outlook.com,Premium,2023-11-21
653,Mary,Nelson,mary.nelson1@icloud.com,Student,2024-01-29
654,Michelle,Wilson,michelle.wilson27@proton.me,Senior,2022-05-09
655,Gary,Davis,gary.davis19@outlook.com,Basic,2021-04-19
656,Eric,Evans,eric.evans90@outlook.com,Premium,2024-03-11
657,William,Howard,william.howard13@proton.me,Basic,2024-08-06
658,Ronald,Martinez,ronald.martinez76@proton.me,Basic,2023-09-18
659,Thomas,Walker,thomas.walker38@outlook.com,Student,2024-06-28
660,Ronald,Hughes,ronald.hughes95@outlook.com,Basic,2021-07-10
661,Sandra,Martinez,sandra.martinez26@yahoo.com,Student,2023-04-12
662,Susan,Martin,susan.martin14@yahoo.com,Basic,2021-10-05
663,Edward,Thomas,edward.thomas69@outlook.com,Senior,2021-03-01
664,Laura,Flores,laura.flores60@outlook.com,Student,2020-07-04
665,Charles,Mendoza,charles.mendoza39@proton.me,Basic,2024-09-07
666,Carol,Jackson,carol.jackson12@yahoo.com,Senior,2022-03-22
667,Angela,Miller,angela.miller87@outlook.com,Basic,2020-12-22
668,Patricia,Phillips,patricia.phillips58@proton.me,Student,2021-05-26
669,Richard,Reyes,richard.reyes14@yahoo.com,Basic,2020-05-06
670,Heather,Lewis,heather.lewis17@yahoo.com,Student,2022-02-01
671,Debra,Watson,debra.watson83@gmail.com,Premium,2021-06-14
672,Elizabeth,Williams,elizabeth.williams9@yahoo.com,Senior,2022-06-27
673,Thomas,Lopez,thomas.lopez43@gmail.com,Basic,2022-08-02
674,Michael,Perez,michael.perez74@icloud.com,Student,2022-03-19
675,Amy,Brown,amy.brown49@icloud.com,Basic,2021-03-15
676,Nancy,Scott,nancy.scott36@icloud.com,Student,2020-03-11
677,Brandon,Richardson,brandon.richardson79@yahoo.com,Premium,2022-10-18
678,Edward,Peterson,edward.peterson62@gmail.com,Basic,2022-02-23
679,Sarah,Turner,sarah.turner26@proton.me,Basic,2024-06-30
680,Anna,Williams,anna.williams49@outlook.com,Premium,2024-05-19
681,Gary,Hall,gary.hall73@proton.me,Basic,2021-07-07
682,Nancy,Brown,nancy.brown41@proton.me,Basic,2024-07-18
683,Heather,Scott,heather.scott8@icloud.com,Premium,2024-04-19
684,Justin,Robinson,justin.robinson21@gmail.com,Basic,2021-05-08
685,Paul,Morgan,paul.morgan95@gmail.com,Student,2021-03-25
686,Pamela,Roberts,pamela.roberts46@yahoo.com,Basic,2023-04-28
687,Kenneth,Patel,kenneth.patel90@outlook.com,Senior,2020-02-27
688,Alexander,Hughes,alexander.hughes46@proton.me,Premium,2023-02-27
689,Matthew,Murphy,matthew.murphy70@outlook.com,Basic,2020-03-18
690,Barbara,Davis,barbara.davis30@proton.me,Basic,2022-12-14
691,Kathleen,Smith,kathleen.smith43@proton.me,Basic,2020-09-24
692,Amanda,Alvarez,amanda.alvarez23@outlook.com,Basic,2020-10-29
693,Emma,Price,emma.price19@gmail.com,Student,2024-10-28
694,George,Martinez,george.martinez48@icloud.com,Premium,2021-11-20
695,Joshua,Adams,joshua.adams18@yahoo.com,Student,2022-06-13
696,Diane,Brooks,diane.brooks63@outlook.com,Basic,2023-02-24
697,Frank,Ward,frank.ward46@yahoo.com,Premium,2024-07-26
698,Daniel,Carter,daniel.carter40@outlook.com,Basic,2024-02-01
699,James,Hughes,james.hughes74@icloud.com,Student,2024-04-27
700,Larry,Jones,larry.jones24@proton.me,Basic,2024-07-14
701,Brandon,Lewis,brandon.lewis82@proton.me,Basic,2022-10-13
702,Christopher,Nelson,christopher.nelson96@gmail.com,Basic,2021-10-16
703,Lisa,Brooks,lisa.brooks12@outlook.com,Basic,2021-06-27
704,Anthony,Young,anthony.young89@gmail.com,Basic,2024-05-30
705,Susan,Castillo,susan.castillo1@gmail.com,Basic,2024-02-09
706,Rebecca,Perez,rebecca.perez53@icloud.com,Student,2021-12-20
707,Anna,Carter,anna.carter13@icloud.com,Student,2023-03-29
708,Katherine,Ross,katherine.ross88@yahoo.com,Basic,2020-05-30
709,John,Nguyen,john.nguyen3@outlook.com,Basic,2020-08-02
710,Elizabeth,Baker,elizabeth.baker22@icloud.com,Basic,2020-06-02
711,Stephen,Lopez,stephen.lopez44@proton.me,Senior,2022-09-15
712,Alexander,Brown,alexander.brown56@yahoo.com,Premium,2022-06-08
713,Charles,Miller,charles.miller13@outlook.com,Basic,2021-01-24
714,Edward,Hughes,edward.hughes71@proton.me,Basic,2021-07-30
715,Joshua,Walker,joshua.walker13@gmail.com,Basic,2023-01-30
716,Gary,Martin,gary.martin7@outlook.com,Basic,2020-06-28
717,Donna,James,donna.james81@proton.me,Premium,2020-07-17
718,Patricia,Clark,patricia.clark22@outlook.com,Senior,2022-08-27
719,Joseph,Flores,joseph.flores51@icloud.com,Premium,2023-09-15
720,Kimberly,Lopez,kimberly.lopez83@proton.me,Basic,2022-01-29
721,Timothy,Mitchell,timothy.mitchell24@icloud.com,Basic,2022-06-19
722,Cynthia,King,cynthia.king29@outlook.com,Premium,2020-11-05
723,Dennis,Hughes,dennis.hughes86@gmail.com,Basic,2021-12-05
724,Anna,Evans,anna.evans97@proton.me,Basic,2020-05-04
725,Deborah,Gutierrez,deborah.gutierrez54@proton.me,Premium,2022-08-30
726,Pamela,Walker,pamela.walker61@outlook.com,Basic,2024-10-14
727,Carolyn,Jones,carolyn.jones65@proton.me,Senior,2024-06-27
728,Pamela,Gray,pamela.gray80@yahoo.com,Basic,2024-03-30
729,Laura,Thompson,laura.thompson22@yahoo.com,Student,2020-09-15
730,Jennifer,Diaz,jennifer.diaz11@icloud.com,Basic,2024-08-11
731,Benjamin,Jackson,benjamin.jackson77@outlook.com,Basic,2024-01-29
732,David,Lopez,david.lopez50@proton.me,Basic,2021-10-29
733,Emily,Gutierrez,emily.gutierrez59@gmail.com,Student,2023-06-30
734,Emma,Gutierrez,emma.gutierrez54@gmail.com,Basic,2020-10-30
735,Larry,Ramos,larry.ramos75@gmail.com,Senior,2023-02-26
736,Heather,Gonzalez,heather.gonzalez37@proton.me,Student,2024-12-02
737,Edward,King,edward.king50@icloud.com,Premium,2022-08-26
738,John,Thompson,john.thompson36@icloud.com,Basic,2023-05-31
739,Debra,Ruiz,debra.ruiz52@gmail.com,Basic,2024-12-05
740,Kevin,Ruiz,kevin.ruiz31@gmail.com,Student,2021-07-04
741,Melissa,Williams,melissa.williams44@outlook.com,Basic,2024-09-22
742,Gary,Hughes,gary.hughes88@gmail.com,Senior,2021-04-11
743,Sarah,Hill,sarah.hill96@icloud.com,Student,2021-10-19
744,Paul,Sanders,paul.sanders54@proton.me,Premium,2021-01-19
745,Jeffrey,Ramirez,jeffrey.ramirez53@icloud.com,Student,2024-11-11
746,Melissa,Davis,melissa.davis66@yahoo.com,Basic,2023-12-24
747,Nicholas,Phillips,nicholas.phillips18@proton.me,Student,2020-02-29
748,Daniel,Harris,daniel.harris26@gmail.com,Basic,2022-07-23
749,Michael,Campbell,michael.campbell91@yahoo.com,Basic,2024-08-13
750,Cynthia,Cook,cynthia.cook51@gmail.com,Premium,2021-05-10
751,Melissa,Morales,melissa.morales77@icloud.com,Basic,2024-11-17
752,Jacob,Ramos,jacob.ramos71@outlook.com,Basic,2024-09-11
753,Kimberly,Myers,kimberly.myers89@gmail.com,Basic,2022-03-02
754,Michael,Lee,michael.lee74@yahoo.com,Student,2023-08-18
755,Mark,Gray,mark.gray27@outlook.com,Premium,2022-11-17
756,Robert,Jimenez,robert.jimenez99@gmail.com,Premium,2020-09-27
757,Samuel,Thompson,samuel.thompson77@gmail.com,Basic,2023-05-30
758,Michelle,Alvarez,michelle.alvarez91@outlook.com,Basic,2022-02-10
759,Brian,Collins,brian.collins33@yahoo.com,Premium,2023-10-18
760,Eric,Richardson,eric.richardson51@proton.me,Basic,2022-11-13
761,Raymond,Mitchell,raymond.mitchell72@proton.me,Premium,2021-09-03
762,Debra,Wilson,debra.wilson62@gmail.com,Basic,2021-07-20
763,Samantha,Adams,samantha.adams36@outlook.com,Premium,2023-08-27
764,Joshua,Harris,joshua.harris20@proton.me,Student,2020-04-26
765,Scott,Phillips,scott.phillips85@outlook.com,Premium,2024-01-17
766,Patricia,Wood,patricia.wood64@outlook.com,Basic,2022-05-07
767,Stephanie,Roberts,stephanie.roberts95@gmail.com,Premium,2023-03-17
768,Matthew,Baker,matthew.baker93@yahoo.com,Premium,2023-07-31
769,Tyler,Stewart,tyler.stewart86@outlook.com,Premium,2024-09-27
770,Lisa,James,lisa.james72@yahoo.com,Basic,2022-08-22
771,Thomas,Patel,thomas.patel34@proton.me,Student,2021-01-09
772,Debra,Nelson,debra.nelson84@gmail.com,Basic,2021-04-02
773,Catherine,Flores,catherine.flores54@outlook.com,Basic,2023-04-14
774,Donna,Reyes,donna.reyes16@icloud.com,Basic,2023-07-23
775,Justin,Howard,justin.howard80@gmail.com,Premium,2021-02-02
776,Nicholas,Thomas,nicholas.thomas88@icloud.com,Premium,2022-04-26
777,Michael,Martin,michael.martin18@yahoo.com,Basic,2023-03-12
778,Ryan,Jackson,ryan.jackson41@yahoo.com,Student,2022-09-25
779,Kevin,Watson,kevin.watson23@outlook.com,Premium,2020-01-10
780,Laura,Scott,laura.scott27@yahoo.com,Premium,2020-11-20
781,Gary,Ross,gary.ross12@yahoo.com,Premium,2023-07-21
782,Jason,Phillips,jason.phillips55@icloud.com,Basic,2020-03-18
783,Jonathan,Sanchez,jonathan.sanchez94@outlook.com,Senior,2024-12-31
784,Carol,Long,carol.long68@yahoo.com,Basic,2020-01-09
785,Benjamin,Sanders,benjamin.sanders32@yahoo.com,Premium,2021-12-06
786,Michelle,Taylor,michelle.taylor14@icloud.com,Premium,2021-09-18
787,Lisa,Rodriguez,lisa.rodriguez6@outlook.com,Senior,2022-07-22
788,Janet,Gutierrez,janet.gutierrez77@proton.me,Basic,2024-12-23
789,Debra,Moore,debra.moore44@icloud.com,Basic,2021-01-20
790,Lisa,Phillips,lisa.phillips3@yahoo.com,Basic,2020-09-25
791,Margaret,Sanders,margaret.sanders3@proton.me,Premium,2020-09-09
792,George,Alvarez,george.alvarez84@gmail.com,Basic,2023-08-04
793,Steven,Foster,steven.foster69@proton.me,Basic,2020-04-08
794,Raymond,Wilson,raymond.wilson84@gmail.com,Basic,2020-08-25
795,Rebecca,Cruz,rebecca.cruz49@gmail.com,Premium,2022-08-29
796,Rachel,Martin,rachel.martin27@gmail.com,Basic,2023-09-17
797,Richard,James,richard.james67@outlook.com,Premium,2023-12-06
798,Sarah,Turner,sarah.turner14@proton.me,Student,2020-08-29
799,Andrew,Anderson,andrew.anderson14@icloud.com,Basic,2021-02-13
800,Heather,King,heather.king67@yahoo.com,Basic,2022-04-19
801,Donna,Lee,donna.lee6@proton.me,Premium,2021-03-01
802,Frank,Morris,frank.morris43@yahoo.com,Basic,2023-10-07
803,Barbara,Anderson,barbara.anderson74@icloud.com,Basic,2020-07-03
804,Heather,Rogers,heather.rogers10@gmail.com,Senior,2023-08-12
805,Sandra,Collins,sandra.collins38@outlook.com,Premium,2020-07-23
806,Daniel,Garcia,daniel.garcia38@outlook.com,Student,2021-10-02
807,Jason,Patel,jason.patel15@gmail.com,Student,2024-12-28
808,Jennifer,Johnson,jennifer.johnson18@yahoo.com,Basic,2022-06-15
809,Helen,Wright,helen.wright94@gmail.com,Basic,2021-12-02
810,Nancy,Anderson,nancy.anderson52@icloud.com,Senior,2021-07-10
811,Deborah,Ruiz,deborah.ruiz62@icloud.com,Premium,2024-06-20
812,Lisa,Anderson,lisa.anderson17@gmail.com,Senior,2024-09-25
813,Charles,Wilson,charles.wilson54@proton.me,Premium,2023-03-11
814,Gregory,Cruz,gregory.cruz24@proton.me,Basic,2022-01-04
815,Brandon,Brown,brandon.brown88@yahoo.com,Premium,2022-09-26
816,Joseph,Evans,joseph.evans57@gmail.com,Basic,2023-09-03
817,Kenneth,Johnson,kenneth.johnson91@proton.me,Student,2023-03-26
818,Patrick,Reed,patrick.reed29@outlook.com,Premium,2023-11-10
819,Rachel,Richardson,rachel.richardson13@icloud.com,Premium,2021-05-24
820,Kathleen,Hall,kathleen.hall85@icloud.com,Basic,2024-08-19
821,Brenda,Ward,brenda.ward7@gmail.com,Premium,2020-11-17
822,Nicholas,Stewart,nicholas.stewart64@yahoo.com,Basic,2022-10-03
823,Carol,Walker,carol.walker43@outlook.com,Basic,2021-04-01
824,Stephen,Chavez,stephen.chavez49@icloud.com,Student,2020-06-10
825,Ryan,Cruz,ryan.cruz74@icloud.com,Basic,2022-10-17
826,Laura,Green,laura.green16@icloud.com,Student,2020-02-06
827,Susan,Phillips,susan.phillips53@gmail.com,Premium,2020-01-01
828,Barbara,Cox,barbara.cox80@outlook.com,Student,2023-02-25
829,Anthony,Wood,anthony.wood86@icloud.com,Senior,2022-01-14
830,Michael,Lewis,michael.lewis59@outlook.com,Premium,2023-06-23
831,Scott,Stewart,scott.stewart92@outlook.com,Student,2020-08-21
832,Richard,Ross,richard.ross85@yahoo.com,Basic,2021-12-28
833,Samantha,Nguyen,samantha.nguyen71@proton.me,Basic,2020-08-05
834,Jennifer,Perez,jennifer.perez64@yahoo.com,Student,2024-02-29
835,Patrick,Evans,patrick.evans14@outlook.com,Premium,2021-01-19
836,Jessica,Gomez,jessica.gomez28@icloud.com,Student,2021-01-25
837,Carolyn,Baker,carolyn.baker14@icloud.com,Basic,2023-07-20
838,Gregory,Ramos,gregory.ramos16@icloud.com,Premium,2023-04-21
839,Nicholas,Moore,nicholas.moore64@gmail.com,Premium,2020-04-09
840,Stephen,Parker,stephen.parker75@icloud.com,Senior,2024-05-18
841,Daniel,Ruiz,daniel.ruiz75@yahoo.com,Student,2020-09-19
842,Susan,Roberts,susan.roberts85@proton.me,Premium,2021-10-21
843,Nicholas,Roberts,nicholas.roberts54@proton.me,Senior,2024-04-10
844,Ashley,Scott,ashley.scott51@outlook.com,Senior,2022-07-16
845,Sarah,Moore,sarah.moore53@proton.me,Student,2024-03-12
846,Angela,Hill,angela.hill90@proton.me,Student,2023-12-28
847,Jack,Peterson,jack.peterson81@yahoo.com,Basic,2023-07-02
848,Carolyn,Nguyen,carolyn.nguyen88@outlook.com,Senior,2020-09-28
849,Alexander,Wood,alexander.wood23@proton.me,Premium,2023-07-28
850,Carol,Price,carol.price15@outlook.com,Premium,2023-04-08
851,Pamela,Bennett,pamela.bennett91@icloud.com,Premium,2024-09-19
852,Jonathan,Torres,jonathan.torres55@gmail.com,Premium,2020-02-21
853,Timothy,Jackson,timothy.jackson7@gmail.com,Basic,2024-03-16
854,Tyler,Lee,tyler.lee37@outlook.com,Basic,2020-05-07
855,Frank,Nguyen,frank.nguyen27@proton.me,Basic,2024-07-25
856,Laura,Wilson,laura.wilson79@proton.me,Student,2024-02-29
857,Samuel,Bailey,samuel.bailey50@yahoo.com,Premium,2024-06-19
858,Rachel,Torres,rachel.torres89@gmail.com,Senior,2022-03-04
859,Rebecca,Mendoza,rebecca.mendoza41@proton.me,Basic,2024-03-03
860,Steven,Sanchez,steven.sanchez80@icloud.com,Student,2023-07-21
861,Alexander,Price,alexander.price83@outlook.com,Student,2023-01-24
862,Jack,Cox,jack.cox26@yahoo.com,Basic,2020-12-29
863,Debra,Martinez,debra.martinez24@yahoo.com,Student,2020-09-01
864,Timothy,Garcia,timothy.garcia55@outlook.com,Premium,2020-09-23
865,Charles,Howard,charles.howard33@gmail.com,Basic,2023-12-24
866,Karen,Garcia,karen.garcia20@outlook.com,Premium,2024-05-03
867,Benjamin,Ward,benjamin.ward85@outlook.com,Premium,2023-03-18
868,Stephen,Rivera,stephen.rivera10@outlook.com,Premium,2021-01-11
869,Eric,Rodriguez,eric.rodriguez65@yahoo.com,Basic,2023-01-04
870,Stephanie,Lopez,stephanie.lopez45@yahoo.com,Student,2023-09-20
871,Kevin,Nelson,kevin.nelson47@outlook.com,Basic,2024-03-21
872,Helen,Ortiz,helen.ortiz61@proton.me,Student,2023-08-22
873,Mary,Anderson,mary.anderson86@outlook.com,Basic,2023-08-08
874,Brandon,Richardson,brandon.richardson32@gmail.com,Premium,2021-10-19
875,Timothy,Anderson,timothy.anderson50@outlook.com,Premium,2021-08-02
876,Patricia,Gutierrez,patricia.gutierrez99@outlook.com,Premium,2022-11-07
877,Laura,Morales,laura.morales6@outlook.com,Student,2021-01-29
878,Carol,Rogers,carol.rogers11@gmail.com,Basic,2024-05-02
879,Jonathan,Morgan,jonathan.morgan1@gmail.com,Basic,2023-07-13
880,Heather,Ramirez,heather.ramirez88@icloud.com,Student,2021-02-25
881,Jonathan,Hughes,jonathan.hughes95@icloud.com,Premium,2020-05-27
882,Catherine,Mendoza,catherine.mendoza20@gmail.com,Premium,2021-11-10
883,John,Lopez,john.lopez10@gmail.com,Basic,2021-05-30
884,Brenda,Martinez,brenda.martinez74@yahoo.com,Senior,2022-04-14
885,Deborah,Edwards,deborah.edwards81@icloud.com,Basic,2020-02-04
886,Deborah,Gray,deborah.gray16@proton.me,Basic,2024-01-15
887,Helen,Rodriguez,helen.rodriguez97@proton.me,Basic,2024-10-03
888,Elizabeth,Rivera,elizabeth.rivera65@gmail.com,Basic,2023-11-05
889,Joshua,Cox,joshua.cox12@outlook.com,Student,2022-06-15
890,Timothy,Gomez,timothy.gomez85@gmail.com,Premium,2022-12-28
891,Mark,Moore,mark.moore96@icloud.com,Student,2024-10-05
892,Anna,Nguyen,anna.nguyen82@yahoo.com,Basic,2024-12-21
893,Diane,Sanders,diane.sanders83@outlook.com,Senior,2020-01-23
894,Stephen,Bailey,stephen.bailey19@gmail.com,Basic,2023-03-18
895,Scott,Gomez,scott.gomez69@proton.me,Senior,2021-09-16
896,Anthony,Myers,anthony.myers95@outlook.com,Basic,2023-08-15
897,Angela,Jackson,angela.jackson21@yahoo.com,Basic,2024-09-05
898,Steven,Harris,steven.harris15@yahoo.com,Premium,2023-03-07
899,Michael,Long,michael.long71@icloud.com,Premium,2020-05-29
900,Donna,Bennett,donna.bennett9@outlook.com,Basic,2024-01-26
901,Justin,Morales,justin.morales43@outlook.com,Basic,2023-09-04
902,Donald,Gonzalez,donald.gonzalez37@proton.me,Basic,2021-01-31
903,Kenneth,Morales,kenneth.morales58@outlook.com,Premium,2021-09-18
904,Frank,Howard,frank.howard20@proton.me,Premium,2024-07-12
905,Kenneth,Diaz,kenneth.diaz22@gmail.com,Basic,2024-05-28
906,Mark,Alvarez,mark.alvarez95@icloud.com,Basic,2022-01-06
907,Sarah,Gray,sarah.gray94@outlook.com,Student,2022-08-05
908,Laura,Rivera,laura.rivera40@icloud.com,Premium,2020-12-25
909,Samuel,Cox,samuel.cox11@outlook.com,Student,2020-10-13
910,Jonathan,Sanchez,jonathan.sanchez34@gmail.com,Student,2020-02-08
911,Nicholas,Watson,nicholas.watson4@proton.me,Premium,2024-04-24
912,Emma,Ramirez,emma.ramirez5@proton.me,Basic,2023-01-10
913,Jacob,Wood,jacob.wood20@outlook.com,Basic,2024-12-30
914,Jerry,Ramos,jerry.ramos94@outlook.com,Basic,2022-10-23
915,Angela,Lopez,angela.lopez51@outlook.com,Premium,2023-09-19
916,Donald,Ward,donald.ward88@yahoo.com,Student,2020-10-14
917,Laura,Lee,laura.lee23@proton.me,Senior,2023-09-12
918,Christopher,Patel,christopher.patel94@icloud.com,Senior,2020-03-23
919,Mark,Ross,mark.ross63@yahoo.com,Basic,2022-01-26
920,Sandra,Garcia,sandra.garcia86@yahoo.com,Premium,2024-06-08
921,George,Roberts,george.roberts61@icloud.com,Student,2020-03-22
922,Katherine,Adams,katherine.adams14@proton.me,Premium,2021-07-14
923,Jack,King,jack.king75@proton.me,Premium,2022-02-10
924,Katherine,Carter,katherine.carter47@proton.me,Premium,2024-09-07
925,Elizabeth,Gutierrez,elizabeth.gutierrez33@icloud.com,Senior,2021-04-01
926,Eric,Phillips,eric.phillips46@outlook.com,Premium,2022-09-14
927,Nicole,Smith,nicole.smith65@yahoo.com,Basic,2021-04-16
928,Elizabeth,Rogers,elizabeth.rogers83@outlook.com,Basic,2021-01-17
929,Charles,Campbell,charles.campbell78@gmail.com,Premium,2022-04-29
930,Kevin,Castillo,kevin.castillo15@icloud.com,Premium,2022-09-08
931,Anthony,Ramos,anthony.ramos21@icloud.com,Basic,2020-03-29
932,Thomas,Kelly,thomas.kelly76@yahoo.com,Basic,2022-11-15
933,Jennifer,Kelly,jennifer.kelly19@gmail.com,Basic,2021-01-03
934,Eric,Phillips,eric.phillips77@proton.me,Premium,2024-12-04
935,Patrick,Sanders,patrick.sanders85@outlook.com,Senior,2021-03-19
936,Laura,Cox,laura.cox61@icloud.com,Basic,2024-08-27
937,Edward,Kim,edward.kim19@proton.me,Student,2021-01-07
938,Helen,James,helen.james66@outlook.com,Basic,2023-11-05
939,Amanda,Collins,amanda.collins77@proton.me,Basic,2022-02-13
940,Deborah,Taylor,deborah.taylor14@gmail.com,Basic,2024-10-26
941,Nicholas,Mendoza,nicholas.mendoza54@yahoo.com,Premium,2020-12-29
942,Jacob,Ward,jacob.ward77@gmail.com,Student,2022-12-24
943,Nicholas,Long,nicholas.long16@gmail.com,Premium,2020-09-23
944,Nicole,Cooper,nicole.cooper1@icloud.com,Premium,2022-01-28
945,Jennifer,Hughes,jennifer.hughes68@icloud.com,Basic,2024-07-01
946,Kathleen,Foster,kathleen.foster49@outlook.com,Premium,2024-02-27
947,Maria,Hughes,maria.hughes74@gmail.com,Basic,2021-06-05
948,Kathleen,Foster,kathleen.foster30@gmail.com,Basic,2024-11-30
949,Anna,Evans,anna.evans33@yahoo.com,Basic,2024-03-02
950,Diane,Smith,diane.smith74@proton.me,Basic,2020-01-15
951,Timothy,Wood,timothy.wood27@outlook.com,Basic,2020-08-06
952,Karen,Diaz,karen.diaz84@proton.me,Basic,2024-10-16
953,Jonathan,Diaz,jonathan.diaz73@outlook.com,Premium,2023-10-25
954,Ronald,Long,ronald.long27@icloud.com,Premium,2023-02-15
955,Kathleen,Thompson,kathleen.thompson48@proton.me,Premium,2021-06-03
956,Michelle,Kelly,michelle.kelly45@icloud.com,Student,2024-10-17
957,Raymond,Thomas,raymond.thomas96@yahoo.com,Basic,2023-12-03
958,Charles,Gonzalez,charles.gonzalez28@proton.me,Basic,2021-11-24
959,Stephen,Ward,stephen.ward90@gmail.com,Basic,2023-07-26
960,James,Lopez,james.lopez19@icloud.com,Senior,2022-06-10
961,Barbara,Rodriguez,barbara.rodriguez34@yahoo.com,Basic,2023-06-01
962,John,Castillo,john.castillo50@icloud.com,Premium,2022-12-03
963,Andrew,Alvarez,andrew.alvarez77@gmail.com,Senior,2024-08-06
964,Daniel,Brooks,daniel.brooks64@icloud.com,Basic,2024-10-07
965,Raymond,Gutierrez,raymond.gutierrez37@yahoo.com,Basic,2023-05-12
966,Angela,Gutierrez,angela.gutierrez90@yahoo.com,Premium,2023-10-12
967,John,Campbell,john.campbell31@gmail.com,Senior,2020-06-26
968,Emily,Jimenez,emily.jimenez52@outlook.com,Premium,2022-04-10
969,Emma,Sanchez,emma.sanchez67@gmail.com,Student,2020-05-20
970,Barbara,Peterson,barbara.peterson37@proton.me,Senior,2021-12-13
971,Brian,Scott,brian.scott29@proton.me,Senior,2022-07-20
972,Stephanie,Kelly,stephanie.kelly1@outlook.com,Basic,2022-11-02
973,Susan,Bailey,susan.bailey10@proton.me,Basic,2020-08-27
974,Angela,Allen,angela.allen69@proton.me,Basic,2022-06-25
975,Timothy,Reed,timothy.reed62@yahoo.com,Student,2024-05-07
976,Ryan,Mendoza,ryan.mendoza59@proton.me,Student,2022-09-14
977,Joseph,King,joseph.king9@icloud.com,Premium,2021-03-27
978,Gregory,Hughes,gregory.hughes30@outlook.com,Basic,2021-12-24
979,Eric,Morgan,eric.morgan2@outlook.com,Basic,2020-07-09
980,Stephanie,Gray,stephanie.gray96@outlook.com,Basic,2020-12-31
981,Jacob,Green,jacob.green46@yahoo.com,Student,2021-07-05
982,Nancy,Myers,nancy.myers88@yahoo.com,Premium,2021-02-12
983,Donald,Patel,donald.patel31@outlook.com,Basic,2021-02-19
984,Ashley,Richardson,ashley.richardson46@yahoo.com,Student,2020-09-02
985,William,Gray,william.gray85@icloud.com,Premium,2024-04-14
986,Anna,Garcia,anna.garcia62@outlook.com,Premium,2022-10-05
987,Pamela,Scott,pamela.scott63@yahoo.com,Senior,2022-11-12
988,Emily,Gomez,emily.gomez29@proton.me,Basic,2022-12-12
989,Jason,Morris,jason.morris70@gmail.com,Premium,2022-03-17
990,Debra,Jimenez,debra.jimenez23@icloud.com,Senior,2023-12-01
991,Eric,Collins,eric.collins41@gmail.com,Basic,2021-03-07
992,Timothy,Howard,timothy.howard13@outlook.com,Basic,2024-10-31
993,Kimberly,White,kimberly.white71@outlook.com,Basic,2022-08-23
994,Brandon,Baker,brandon.baker47@yahoo.com,Premium,2021-03-07
995,Rebecca,Hughes,rebecca.hughes97@outlook.com,Basic,2022-03-31
996,Emily,Edwards,emily.edwards24@proton.me,Basic,2023-03-25
997,Debra,Robinson,debra.robinson13@outlook.com,Student,2023-02-11
998,Sharon,Carter,sharon.carter26@yahoo.com,Student,2024-02-21
999,Karen,Stewart,karen.stewart2@yahoo.com,Basic,2020-10-02
1000,Benjamin,Gutierrez,benjamin.gutierrez69@outlook.com,Student,2021-09-06
